notch,v0.5,v1.5,v2.5,v3.5,v4.5,v5.5,v6.5,v7.5,v8.5,v9.5,v10.5,v11.5,v12.5,v13.5,v14.5,v15.5,v16.5,v17.5
-15,0.03443,0.62386,-0.18479,-0.99344,-1.80209,-1.80812,-1.80812,-1.80812,-1.80812,-1.80812,-1.80812,-1.80812,-1.80812,-1.80812,-1.80812,-1.80812,-1.80812,-1.80812
-14,-0.10781,0.39741,-0.16875,-0.86283,-1.54988,-1.55725,-1.55465,-1.55684,-1.54607,-1.54862,-1.55482,-1.56587,-1.56587,-1.56587,-1.56587,-1.56587,-1.56587,-1.56587
-13,-0.25006,0.17095,-0.15270,-0.73221,-1.29766,-1.30637,-1.30117,-1.30556,-1.28401,-1.28911,-1.30152,-1.32362,-1.32362,-1.32362,-1.32362,-1.32362,-1.32362,-1.32362
-12,-0.39231,-0.05550,-0.13666,-0.60159,-1.04544,-1.05549,-1.04770,-1.05428,-1.02195,-1.02960,-1.04822,-1.08137,-1.08137,-1.08137,-1.08137,-1.08137,-1.08137,-1.08137
-11,-0.53456,-0.28195,-0.12062,-0.47098,-0.79322,-0.80461,-0.79422,-0.80301,-0.75989,-0.77010,-0.79492,-0.83912,-0.83912,-0.83912,-0.83912,-0.83912,-0.83912,-0.83912
-10,-0.67681,-0.50840,-0.10457,-0.34036,-0.54100,-0.55373,-0.54074,-0.55173,-0.49783,-0.51059,-0.54162,-0.59686,-0.59686,-0.59686,-0.59686,-0.59686,-0.59686,-0.59686
-9,-0.81906,-0.73485,-0.08853,-0.20975,-0.28879,-0.30285,-0.28727,-0.30045,-0.23577,-0.25108,-0.28832,-0.35461,-0.35461,-0.35461,-0.35461,-0.35461,-0.35461,-0.35461
-8,-0.96131,-0.96131,-0.07248,-0.07913,-0.03657,-0.05197,-0.03379,-0.04917,0.02628,0.00843,-0.03502,-0.11236,-0.11236,-0.11236,-0.11236,-0.11236,-0.11236,-0.11236
-7,-0.83569,-0.83569,-0.88717,-0.89377,-0.87988,-0.95821,-0.96645,-0.94650,-0.93784,-0.90314,-0.91196,-0.91196,-0.91196,-0.91196,-0.91196,-0.91196,-0.91196,-0.91196
-6,-0.75334,-0.75334,-0.78143,-0.80291,-0.79023,-0.86254,-0.87551,-0.88191,-0.87025,-0.81233,-0.83976,-0.81555,-0.81246,-0.81246,-0.81246,-0.81246,-0.81246,-0.81246
-5,-0.64785,-0.64785,-0.68622,-0.68597,-0.66561,-0.72628,-0.75454,-0.76809,-0.77149,-0.74053,-0.73169,-0.72930,-0.71839,-0.71328,-0.71328,-0.71328,-0.71328,-0.71328
-4,-0.52810,-0.52810,-0.56751,-0.60617,-0.57184,-0.62253,-0.63835,-0.63762,-0.64007,-0.64510,-0.62830,-0.62354,-0.63516,-0.62426,-0.62426,-0.62426,-0.62426,-0.62426
-3,-0.42990,-0.42990,-0.46168,-0.49146,-0.49876,-0.52276,-0.53444,-0.55096,-0.52842,-0.52906,-0.54438,-0.51703,-0.51432,-0.51432,-0.51432,-0.51432,-0.51432,-0.51432
-2,-0.41943,-0.41943,-0.48413,-0.49143,-0.41638,-0.41544,-0.46408,-0.45766,-0.46536,-0.47393,-0.44467,-0.44993,-0.44993,-0.44993,-0.44993,-0.44993,-0.44993,-0.44993
-1,-0.32418,-0.32418,-0.34421,-0.33787,-0.31917,-0.26903,-0.37900,-0.33335,-0.31394,-0.37486,-0.29976,-0.31905,-0.33834,-0.35763,-0.31593,-0.31593,-0.31593,-0.31593
0,-0.03051,-0.03687,-0.04477,-0.05909,-0.02357,-0.37385,-0.03460,-0.03051,-0.05678,-0.02803,-0.03102,-0.03454,-0.03150,-0.05405,-0.04421,-0.04421,-0.04421,-0.04421
1,0.13653,0.13653,0.11163,0.05948,0.15317,0.16620,0.17923,0.19783,0.14370,0.16258,0.16158,0.13735,0.11311,0.10222,0.10404,0.10404,0.10404,0.10404
2,0.19644,0.19644,0.19644,0.10028,0.16357,0.19539,0.22720,0.25902,0.23552,0.21044,0.24629,0.20944,0.17259,0.15730,0.13593,0.13593,0.13593,0.13593
3,0.34126,0.39187,0.25243,0.38273,0.37843,0.37412,0.36981,0.31865,0.26749,0.27479,0.26148,0.24818,0.23487,0.22156,0.16939,0.16939,0.16939,0.16939
4,0.43655,0.48866,0.47629,0.46393,0.45156,0.43920,0.42683,0.40372,0.38060,0.35749,0.33070,0.30390,0.27711,0.27511,0.27511,0.27511,0.27511,0.27511
5,0.62285,0.62285,0.61762,0.58591,0.55420,0.52248,0.49077,0.45905,0.42734,0.39562,0.36404,0.33245,0.30086,0.27099,0.27099,0.27099,0.27099,0.27099
6,0.73085,0.73085,0.61272,0.58775,0.56277,0.53779,0.51281,0.48783,0.46285,0.43787,0.40602,0.37417,0.34232,0.32208,0.30184,0.30184,0.30184,0.30184
7,0.75825,0.75825,0.75752,0.78543,0.81335,0.81335,0.81335,0.81335,0.81335,0.81335,0.81335,0.81335,0.81335,0.81335,0.81335,0.81335,0.81335,0.81335
8,0.87570,0.87570,0.85584,0.84389,0.78086,0.73644,0.80681,0.80681,0.80681,0.80681,0.80681,0.80681,0.80681,0.80681,0.80681,0.80681,0.80681,0.80681
9,0.92231,0.92231,0.90202,0.85231,0.83269,0.80023,0.79032,0.75088,0.75088,0.75088,0.75088,0.75088,0.75088,0.75088,0.75088,0.75088,0.75088,0.75088
10,0.95463,0.95463,0.95463,0.95875,0.91407,0.84764,0.77835,0.74438,0.74438,0.74438,0.74438,0.74438,0.74438,0.74438,0.74438,0.74438,0.74438,0.74438
11,0.99717,0.99717,0.99717,0.99717,0.98215,0.93020,0.87301,0.83645,0.78912,0.78912,0.78912,0.78912,0.78912,0.78912,0.78912,0.78912,0.78912,0.78912
12,1.17295,1.17295,1.17295,1.17295,1.01269,0.95448,0.91083,0.84666,0.78268,0.78268,0.78268,0.78268,0.78268,0.78268,0.78268,0.78268,0.78268,0.78268
13,1.08795,1.08795,1.08795,1.08795,1.08795,1.00813,0.92052,0.85980,0.81079,0.74551,0.68024,0.61497,0.54969,0.54969,0.54969,0.54969,0.54969,0.54969
14,1.19253,1.19253,1.19253,1.19253,1.19253,1.15143,1.06634,0.98125,0.89617,0.81108,0.69725,0.62823,0.62823,0.62823,0.62823,0.62823,0.62823,0.62823
15,1.18174,1.18174,1.18174,1.18174,1.18174,1.14624,1.04348,0.94979,0.86846,0.77682,0.71037,0.66258,0.62260,0.62260,0.62260,0.62260,0.62260,0.62260
