s_m,sd_m,n
0.000,0.000,8
143.000,6.223,15
188.000,2.957,11
274.000,0.400,5
551.000,15.895,23
877.000,11.271,18
960.000,0.904,7
2991.000,2.033,19
3423.000,1.952,16
3910.000,0.452,7
4089.000,0.542,15
4310.000,0.373,6
4565.000,0.000,13
4984.000,0.000,15
5204.000,0.000,16
5321.000,0.000,9
5571.000,11.314,9
5752.000,0.258,14
5965.000,0.471,15
6377.000,0.623,14
6967.000,0.361,13
7529.000,2.683,18
7958.000,15.580,22
9984.000,0.373,6
10077.000,0.583,16
10368.000,0.331,8
10750.000,1.281,10
10832.000,1.225,16
